portfolio_value,cash,w_c,w_XLF,w_XLK,w_XLV,w_XLY,w_XLP,w_XLE,w_XLI,w_XLU,w_XLB,w_XLRE,w_XLC,s_XLF,s_XLK,s_XLV,s_XLY,s_XLP,s_XLE,s_XLI,s_XLU,s_XLB,s_XLRE,s_XLC
100000.0,10940.232810020447,0.10940232810020446,0.1458,0.0536,0.0533,0.066,0.0536,0.1456,0.1458,0.0812,0.1456,0.0,0.0,1021,175,116,113,170,257,348,314,398,0,0
99984.71562767029,21149.671061515808,0.21152904150144664,0.0577,0.071,0.1125,0.1381,0.091,0.0576,0.0626,0.0575,0.1405,0.0,0.0,401,233,244,237,289,102,149,223,385,0,0
99715.46369552612,13234.606620788574,0.13272371335703234,0.0653,0.0781,0.075,0.065,0.0777,0.1769,0.0649,0.0947,0.1696,0.0,0.0,452,256,163,112,247,312,155,366,466,0,0
100177.57322692871,12494.396823883057,0.12472249448067525,0.0771,0.0613,0.0616,0.1198,0.0614,0.1672,0.0986,0.0614,0.1671,0.0,0.0,536,200,133,206,195,294,235,236,462,0,0
100110.86330413818,25227.266459465027,0.2519932964999437,0.0585,0.0583,0.0584,0.058,0.1366,0.1588,0.0582,0.0709,0.0903,0.0,0.0,405,190,125,100,437,281,139,274,248,0,0
100193.75059318542,12670.607552528381,0.12646105647820874,0.1698,0.0624,0.0621,0.0661,0.0625,0.0625,0.0698,0.1698,0.1485,0.0,0.0,1173,205,132,114,199,111,166,653,410,0,0
100533.94303321838,13274.662633895874,0.13204159941791666,0.1774,0.0845,0.065,0.0649,0.0652,0.0651,0.0819,0.1372,0.1268,0.0,0.0,1232,278,138,112,208,116,195,522,350,0,0
99410.42796516418,32201.526681900024,0.323925038258403,0.0592,0.059,0.0647,0.0689,0.1611,0.059,0.0592,0.0858,0.0593,0.0,0.0,413,194,137,120,511,106,141,326,164,0,0
100014.0299692154,33399.62068939209,0.3339493539023734,0.0611,0.0609,0.1012,0.061,0.1383,0.0611,0.0607,0.061,0.0608,0.0,0.0,425,198,213,106,439,109,144,233,167,0,0
100221.22994422913,13353.536451339722,0.133240596416255,0.0787,0.0655,0.0867,0.0657,0.0657,0.0892,0.0656,0.1709,0.1788,0.0,0.0,542,211,183,114,209,160,155,655,489,0,0
100314.19506072998,34571.582597732544,0.3446330060945312,0.0631,0.1014,0.0631,0.063,0.0946,0.0758,0.0629,0.0685,0.063,0.0,0.0,438,327,133,110,301,136,149,261,172,0,0
100068.1979560852,12082.327527999878,0.120740932431922,0.0593,0.059,0.0756,0.0588,0.0591,0.1613,0.0838,0.1612,0.1611,0.0,0.0,412,191,159,103,189,289,199,613,440,0,0
100581.83944702148,30378.64347934723,0.3020291102883268,0.0552,0.055,0.0552,0.1499,0.0643,0.0549,0.1501,0.0585,0.055,0.0,0.0,385,178,116,264,206,98,358,221,150,0,0
100646.74419307709,12470.056309700012,0.12389925188019899,0.1543,0.0614,0.0614,0.0614,0.0614,0.167,0.0614,0.167,0.0809,0.0,0.0,1076,199,129,108,197,297,146,631,223,0,0
99805.80640506744,18265.63436794281,0.18301174075795462,0.1146,0.0854,0.0681,0.0911,0.0683,0.0678,0.075,0.1786,0.0681,0.0,0.0,806,275,143,160,219,121,179,671,189,0,0
98229.96309947968,12115.639410972595,0.12333954965149296,0.1182,0.0644,0.0605,0.1147,0.1651,0.0602,0.1649,0.0682,0.0606,0.0,0.0,837,208,128,202,526,108,400,255,170,0,0
97926.89351654053,22975.690468788147,0.2346208446294418,0.0556,0.0557,0.0978,0.0556,0.1514,0.0557,0.0555,0.0868,0.1513,0.0,0.0,395,181,208,98,483,100,134,323,425,0,0
98456.59039592743,29707.241101264954,0.3017293304775438,0.0698,0.0696,0.0853,0.0699,0.1081,0.0698,0.0698,0.0861,0.0698,0.0,0.0,492,229,180,123,344,125,168,321,196,0,0
97860.68925571442,22805.801133155823,0.2330435367521603,0.157,0.0577,0.0576,0.0574,0.0578,0.0961,0.0575,0.0691,0.1568,0.0,0.0,1113,190,122,102,186,172,139,256,436,0,0
98617.28167629242,28762.19110584259,0.29165467367325554,0.0734,0.053,0.1447,0.0528,0.1445,0.0528,0.0531,0.0642,0.0699,0.0,0.0,517,174,303,93,468,95,128,236,195,0,0
98191.34088039398,31427.120818138123,0.3200600026067393,0.1115,0.0586,0.0585,0.0584,0.0586,0.0585,0.0584,0.1592,0.0583,0.0,0.0,791,191,123,104,190,106,141,578,163,0,0
96887.6887626648,29336.154447555542,0.30278516106847303,0.0554,0.0554,0.0553,0.0554,0.0554,0.0554,0.1506,0.1509,0.0634,0.0,0.0,398,182,117,100,181,101,369,545,179,0,0
97222.94442558289,12107.469444274902,0.12453304634835753,0.1108,0.0615,0.0613,0.0615,0.1526,0.0984,0.0614,0.1009,0.167,0.0,0.0,791,202,129,110,498,178,150,368,469,0,0
97082.64154052734,12884.732078552246,0.13271921606267265,0.0999,0.1007,0.0653,0.0651,0.1437,0.0652,0.1545,0.0654,0.1074,0.0,0.0,713,330,138,116,468,119,377,239,301,0,0
98164.82266807556,21023.6960773468,0.2141673107120477,0.0778,0.0672,0.0673,0.0668,0.183,0.0671,0.1019,0.0877,0.067,0.0,0.0,553,220,143,118,596,122,248,322,187,0,0
99093.68531990051,28197.45106124878,0.284553460396795,0.052,0.0518,0.1224,0.0517,0.1412,0.0518,0.0518,0.1411,0.0518,0.0,0.0,368,169,258,91,460,94,125,520,144,0,0
99333.40788650513,33903.297483444214,0.3413081077635123,0.0624,0.0622,0.0663,0.0623,0.0879,0.0623,0.0772,0.1156,0.0624,0.0,0.0,443,203,139,110,286,114,188,424,173,0,0
100056.215341568,23719.408113479614,0.23706081658702788,0.056,0.0557,0.0792,0.0555,0.0698,0.0731,0.0692,0.1522,0.1522,0.0,0.0,396,181,165,98,226,133,168,557,420,0,0
100067.88129615784,13182.549432754517,0.13173607017560257,0.0858,0.0649,0.0648,0.0646,0.0649,0.1766,0.0651,0.1767,0.1049,0.0,0.0,607,210,135,114,211,322,157,646,290,0,0
100617.21734714508,15777.432781219482,0.15680649094861052,0.0597,0.0598,0.0596,0.1136,0.0654,0.1085,0.1625,0.1342,0.0798,0.0,0.0,423,193,124,201,213,198,394,488,220,0,0
101166.9010887146,22622.725345611572,0.2236178542799626,0.0662,0.0663,0.0662,0.0837,0.102,0.0663,0.0768,0.1801,0.0687,0.0,0.0,471,215,138,148,332,120,186,654,189,0,0
101288.50628852844,10781.95478439331,0.10644795919568649,0.1422,0.0521,0.0522,0.116,0.1422,0.1047,0.1421,0.0522,0.0898,0.0,0.0,1011,169,108,205,466,189,345,189,247,0,0
100698.4246931076,19059.054238319397,0.1892686434410916,0.0645,0.0643,0.0643,0.0643,0.1523,0.0642,0.0645,0.0974,0.175,0.0,0.0,462,208,133,114,497,115,157,353,482,0,0
101262.61879062653,13053.78668308258,0.12891022214300976,0.1725,0.0632,0.0631,0.0632,0.1726,0.0631,0.0754,0.0633,0.1346,0.0,0.0,1240,205,130,112,564,113,183,229,369,0,0
101164.40048313141,19585.331068992615,0.19359904250367557,0.1762,0.0646,0.0732,0.0645,0.085,0.0643,0.0644,0.1497,0.0645,0.0,0.0,1263,210,151,114,278,116,156,540,177,0,0
101523.52426242828,17541.09846019745,0.17277865979962873,0.0574,0.0575,0.0574,0.0572,0.0575,0.156,0.0717,0.1562,0.1563,0.0,0.0,410,187,118,101,188,278,173,567,432,0,0
101528.55466938019,12648.66251373291,0.12458231632393756,0.1658,0.0607,0.0607,0.1654,0.1657,0.0606,0.0748,0.0608,0.061,0.0,0.0,1191,198,125,290,540,108,181,221,168,0,0
101584.20891571045,13505.482053756714,0.13294863638661492,0.0652,0.0654,0.065,0.0648,0.091,0.0969,0.177,0.065,0.1769,0.0,0.0,469,213,134,113,297,174,428,237,484,0,0
102019.3260011673,29265.763786315918,0.286864900342324,0.0524,0.0524,0.0646,0.1404,0.1425,0.0522,0.1039,0.0523,0.0525,0.0,0.0,377,170,133,245,465,94,251,192,143,0,0
102313.45794677734,14738.87652015686,0.1440560881817122,0.1929,0.1273,0.0795,0.0706,0.0831,0.0712,0.0707,0.0708,0.0899,0.0,0.0,1384,414,164,123,270,128,171,259,245,0,0
101656.40463256836,14412.238779067993,0.1417740360891206,0.1354,0.0677,0.0765,0.0806,0.0835,0.0673,0.1419,0.0676,0.1379,0.0,0.0,973,221,158,141,271,121,343,248,374,0,0
102947.09006881714,29927.584064483643,0.290708402194544,0.0606,0.0606,0.0609,0.0606,0.0684,0.1516,0.0605,0.0992,0.0869,0.0,0.0,432,198,125,106,222,273,146,366,235,0,0
102823.48608016968,30019.632917404175,0.2919530747479072,0.078,0.0602,0.1576,0.0598,0.0603,0.0705,0.0602,0.1013,0.0601,0.0,0.0,550,196,324,104,196,128,145,376,162,0,0
102830.3386554718,15527.343015670776,0.15099962927958846,0.0635,0.0633,0.0633,0.1239,0.0633,0.1725,0.1725,0.0633,0.0633,0.0,0.0,446,206,131,215,206,311,413,236,170,0,0
102905.66722679138,28252.0887298584,0.274543564909737,0.135,0.0499,0.0641,0.1363,0.0499,0.05,0.054,0.1362,0.05,0.0,0.0,945,163,133,237,162,90,129,507,135,0,0
102843.19285964966,12531.899549484253,0.12185443879194383,0.0599,0.06,0.0596,0.0723,0.0599,0.1626,0.1627,0.0783,0.163,0.0,0.0,419,196,123,126,194,292,390,292,440,0,0
102225.64818286896,34501.03283596039,0.33749879261457294,0.0617,0.0617,0.1347,0.0614,0.0617,0.0963,0.0617,0.0616,0.0616,0.0,0.0,432,201,277,107,199,174,148,229,167,0,0
102291.95458889008,14108.74737071991,0.13792626631706048,0.0681,0.0679,0.068,0.0704,0.0681,0.1848,0.148,0.0681,0.1186,0.0,0.0,478,221,140,123,219,334,356,250,322,0,0
101485.85164737701,14347.464997291565,0.14137404144908103,0.0947,0.0697,0.0724,0.1021,0.0695,0.1894,0.0797,0.0996,0.0815,0.0,0.0,667,228,150,179,223,343,193,359,221,0,0
101368.52999591827,12888.677269935608,0.12714673153940959,0.0667,0.0733,0.0837,0.0627,0.0627,0.1489,0.0626,0.1417,0.1705,0.0,0.0,472,241,174,110,201,269,152,508,462,0,0
102083.14660358429,30067.987699508667,0.2945440917517029,0.0781,0.0538,0.1461,0.0536,0.1066,0.0536,0.0538,0.1062,0.0536,0.0,0.0,551,176,303,94,342,97,130,381,145,0,0
102491.57194137573,36343.44453620911,0.3545993475151033,0.0649,0.0648,0.0646,0.0645,0.0647,0.0649,0.073,0.0668,0.1173,0.0,0.0,457,210,133,113,208,117,176,241,317,0,0
102004.71792125702,11906.194596290588,0.11672199912833077,0.1568,0.0984,0.0574,0.0848,0.0574,0.0575,0.1566,0.0576,0.1567,0.0,0.0,1100,319,118,149,185,104,380,210,425,0,0
102673.83541584015,14565.350476264954,0.14186039137696285,0.0793,0.0701,0.1908,0.0766,0.1275,0.0756,0.0698,0.0702,0.0983,0.0,0.0,551,227,395,135,412,137,170,257,265,0,0
102259.94315719604,30267.1261138916,0.2959822309637349,0.054,0.1182,0.059,0.086,0.1468,0.0539,0.0709,0.0539,0.0612,0.0,0.0,374,383,124,152,473,97,172,195,165,0,0
102008.32196426392,15340.186935424805,0.15038172023650048,0.0899,0.0742,0.0887,0.1583,0.0743,0.0739,0.0742,0.1419,0.0742,0.0,0.0,621,240,188,282,239,133,180,511,201,0,0
102323.93689537048,15033.889795303345,0.1469244660775316,0.0998,0.0722,0.0793,0.0723,0.0743,0.1487,0.0721,0.0723,0.162,0.0,0.0,692,233,167,130,238,266,174,260,438,0,0
101639.49210357666,11899.032039642334,0.11707095139275701,0.0576,0.0573,0.0574,0.1,0.068,0.1563,0.0847,0.1452,0.1564,0.0,0.0,401,186,120,180,217,279,205,521,426,0,0
101712.74232006073,31260.30435180664,0.30733911640529227,0.0835,0.1182,0.1053,0.0558,0.0561,0.0559,0.0561,0.1058,0.056,0.0,0.0,585,385,221,101,179,99,136,377,153,0,0
101979.28994369507,15856.671606063843,0.15548913524323074,0.1497,0.0646,0.0644,0.1144,0.0645,0.0644,0.0704,0.1133,0.1389,0.0,0.0,1047,210,136,206,206,113,170,404,378,0,0
102769.99929714203,13475.096837043762,0.1311189737199745,0.0616,0.1675,0.0614,0.1126,0.0613,0.0616,0.1676,0.0616,0.1135,0.0,0.0,430,545,129,203,196,109,403,219,308,0,0
103354.96489048004,12379.828738212585,0.11977971983572203,0.0587,0.0588,0.0786,0.1448,0.0587,0.103,0.1595,0.0586,0.1595,0.0,0.0,411,190,165,259,189,182,383,211,433,0,0
103781.44808483124,10411.807784080505,0.10032436409607491,0.1346,0.0792,0.0491,0.1346,0.0493,0.1346,0.1345,0.0494,0.1345,0.0,0.0,944,257,103,240,159,238,322,179,364,0,0
103788.25523471832,13602.778910636902,0.13106279588065203,0.0649,0.0647,0.0647,0.0647,0.0648,0.1764,0.105,0.0873,0.1765,0.0,0.0,456,211,136,116,209,310,251,315,477,0,0
102972.42596530914,15242.451975822449,0.14802459816725644,0.0774,0.0661,0.066,0.1797,0.1284,0.0817,0.0896,0.0663,0.0968,0.0,0.0,545,218,140,325,412,143,215,236,263,0,0
101951.35417175293,12705.914999961853,0.12462723132207504,0.1408,0.0611,0.0613,0.1665,0.0753,0.0687,0.0742,0.0611,0.1664,0.0,0.0,997,201,130,304,239,121,179,216,454,0,0
102411.09798240662,12091.75171470642,0.11807071648410297,0.1568,0.0601,0.0573,0.0573,0.0577,0.1563,0.1222,0.0575,0.1568,0.0,0.0,1114,197,123,104,183,274,296,201,428,0,0
103311.25476455688,13829.110565185547,0.1338587029719236,0.0659,0.0877,0.1786,0.0657,0.1789,0.0795,0.0655,0.0659,0.0785,0.0,0.0,468,286,379,119,570,140,158,233,213,0,0
101541.38551902771,30540.01648426056,0.30076422857690577,0.055,0.0548,0.0547,0.0547,0.1078,0.1494,0.055,0.098,0.0698,0.0,0.0,393,180,118,100,341,262,133,342,190,0,0
101033.52289676666,26860.547556877136,0.26585777459549265,0.0583,0.0581,0.0835,0.0809,0.0582,0.0994,0.0786,0.0584,0.1587,0.0,0.0,420,192,181,149,184,174,191,203,435,0,0
101643.94462299347,15097.374836921692,0.14853196511527778,0.0732,0.0733,0.0729,0.0837,0.0731,0.1992,0.0732,0.0731,0.1298,0.0,0.0,526,241,158,154,231,346,178,254,355,0,0
102365.8299818039,12874.602465629578,0.12577050826353003,0.0838,0.0616,0.0616,0.1459,0.0615,0.1674,0.1365,0.0617,0.0942,0.0,0.0,601,203,133,270,195,289,332,213,258,0,0
103404.97442817688,13682.949909210205,0.1323239039985849,0.1322,0.0588,0.1096,0.1557,0.156,0.0575,0.067,0.0572,0.0738,0.0,0.0,950,194,238,287,495,99,162,198,201,0,0
103503.01901817322,19835.894847869873,0.19164556779147723,0.1056,0.0672,0.0768,0.0678,0.1071,0.1006,0.0824,0.1339,0.0669,0.0,0.0,758,222,167,125,340,172,198,470,182,0,0
103718.91514587402,31632.36819076538,0.30498167230419326,0.0558,0.0558,0.1514,0.0554,0.0556,0.0558,0.0558,0.1517,0.0576,0.0,0.0,402,184,326,102,177,95,134,534,157,0,0
104039.03963088989,34654.7151222229,0.3330933776894811,0.1657,0.061,0.0754,0.0606,0.0608,0.0608,0.0607,0.061,0.061,0.0,0.0,1189,201,161,111,194,104,146,215,166,0,0
103992.98628616333,12679.676357269287,0.12192818775660419,0.1634,0.0619,0.0601,0.0957,0.0601,0.1424,0.1631,0.0715,0.0599,0.0,0.0,1169,206,129,176,192,242,391,252,163,0,0
104100.68651103973,15513.374435424805,0.1490227870282069,0.0576,0.0574,0.0841,0.1567,0.1155,0.0576,0.1568,0.0577,0.1074,0.0,0.0,413,190,181,287,368,98,377,202,294,0,0
103442.015791893,19754.071955680847,0.19096758511959527,0.1215,0.0613,0.15,0.061,0.0613,0.0612,0.0613,0.0645,0.1669,0.0,0.0,872,204,323,113,194,104,148,222,457,0,0
103549.75985622406,24701.0584897995,0.23854288531519752,0.078,0.0594,0.0593,0.0592,0.1236,0.1154,0.0592,0.0595,0.1478,0.0,0.0,564,196,127,110,387,196,143,204,407,0,0
103833.0905752182,31756.315739631653,0.3058400319561606,0.0577,0.0557,0.1194,0.0555,0.1516,0.0554,0.0555,0.0831,0.0602,0.0,0.0,414,183,255,103,478,94,134,287,165,0,0
104041.55105876923,12820.606371879578,0.1232258289251925,0.1048,0.0603,0.1024,0.06,0.1642,0.164,0.0603,0.1005,0.0602,0.0,0.0,753,198,219,111,517,279,145,347,164,0,0
104051.64053058624,14146.183661460876,0.13595348991448694,0.0671,0.0671,0.067,0.0667,0.067,0.1513,0.115,0.1823,0.0806,0.0,0.0,481,220,143,123,211,258,277,627,221,0,0
103643.50684833527,12630.299994468689,0.12186291624569397,0.06,0.0598,0.0597,0.0601,0.0599,0.0891,0.1631,0.1633,0.1632,0.0,0.0,429,196,128,110,188,151,392,571,444,0,0
104005.22126102448,13313.975434303284,0.12801256776223638,0.063,0.063,0.0627,0.0643,0.1508,0.1713,0.0627,0.063,0.1712,0.0,0.0,454,206,134,118,476,290,151,219,465,0,0
103442.33471775055,12830.96129989624,0.124039749633517,0.1659,0.0623,0.0606,0.061,0.1471,0.0607,0.0916,0.061,0.1658,0.0,0.0,1205,205,130,113,465,102,221,212,450,0,0
104202.84524822235,31939.149201393127,0.30650937721816185,0.0559,0.0558,0.1518,0.0557,0.1519,0.0554,0.0556,0.0557,0.0556,0.0,0.0,404,185,327,104,479,93,134,192,151,0,0
104018.49336338043,30127.937973976135,0.289640207234367,0.0529,0.0528,0.1433,0.0527,0.1072,0.0524,0.0528,0.1438,0.0526,0.0,0.0,380,174,310,98,337,89,127,500,143,0,0
103975.20143604279,15918.268040657043,0.15309677520027395,0.0687,0.0814,0.0684,0.0703,0.0687,0.0682,0.1869,0.1658,0.0684,0.0,0.0,494,268,147,130,215,116,449,585,186,0,0
104603.02496051788,12507.502992630005,0.11957114048423481,0.1596,0.0587,0.0584,0.0582,0.0585,0.1595,0.0584,0.1094,0.1596,0.0,0.0,1143,192,125,107,184,271,139,392,431,0,0
104709.36272144318,13667.468202590942,0.13052766101681196,0.0601,0.0599,0.0599,0.0803,0.0599,0.1629,0.1631,0.1632,0.0603,0.0,0.0,431,196,128,148,188,276,388,584,163,0,0
104478.9310760498,13088.666563034058,0.12527565537119506,0.0617,0.0616,0.0924,0.1677,0.0616,0.084,0.0619,0.1377,0.1462,0.0,0.0,445,202,197,312,194,142,148,489,394,0,0
103657.27804374695,13388.567054748535,0.1291618621231603,0.0669,0.0636,0.0636,0.1393,0.0637,0.1733,0.0635,0.0636,0.1733,0.0,0.0,484,208,136,259,201,294,152,225,470,0,0
103925.99644470215,11420.38695526123,0.10988960747023378,0.054,0.1442,0.0539,0.1464,0.0538,0.1466,0.1468,0.054,0.0904,0.0,0.0,391,470,115,271,169,250,352,191,245,0,0
104205.25929164886,12043.303042411804,0.11557289069935618,0.057,0.1198,0.0569,0.0568,0.057,0.1549,0.1011,0.126,0.1549,0.0,0.0,412,389,121,105,180,264,242,454,419,0,0
103712.24228000641,16823.875230789185,0.16221686910757768,0.122,0.0572,0.1558,0.0571,0.0571,0.057,0.0766,0.1559,0.099,0.0,0.0,883,186,332,106,180,97,185,559,268,0,0
104277.25720024109,33879.369009017944,0.3248970093637984,0.0593,0.0601,0.0984,0.0591,0.0593,0.0591,0.0591,0.1613,0.0594,0.0,0.0,429,195,209,109,187,100,142,581,161,0,0
104559.1453037262,18086.205932617188,0.17297583946463882,0.0619,0.0619,0.0892,0.062,0.0619,0.1684,0.0619,0.1686,0.0911,0.0,0.0,447,201,189,114,196,286,149,604,247,0,0
104745.04536056519,13047.856479644775,0.12456776771378518,0.0612,0.061,0.0608,0.0881,0.0887,0.166,0.1661,0.0612,0.1222,0.0,0.0,441,197,129,161,281,283,398,220,329,0,0
105152.69723701477,12036.905387878418,0.11447072404378905,0.0844,0.0563,0.0562,0.1178,0.0565,0.1535,0.1509,0.0564,0.1536,0.0,0.0,605,181,119,215,179,262,361,202,415,0,0
105163.79296970367,11071.50980758667,0.10527872278985058,0.0586,0.1232,0.0513,0.1396,0.0513,0.1397,0.1397,0.0514,0.1399,0.0,0.0,421,397,109,255,163,238,334,183,378,0,0
105749.19608783722,14558.989539146423,0.13767470654862907,0.0652,0.0652,0.1029,0.065,0.1553,0.1772,0.0652,0.0652,0.1011,0.0,0.0,470,210,218,119,492,301,156,233,272,0,0
105960.57179355621,15362.176463127136,0.1449801204645949,0.0827,0.0676,0.0675,0.0672,0.0676,0.1837,0.0675,0.1837,0.0675,0.0,0.0,596,218,143,123,213,313,162,653,182,0,0
106019.21853923798,35214.1467666626,0.3321487108832985,0.0608,0.0607,0.0605,0.0788,0.0605,0.0604,0.0606,0.165,0.0607,0.0,0.0,437,196,128,144,191,103,145,587,163,0,0
106057.57784080505,12096.908187866211,0.11405981952580473,0.1415,0.0562,0.0563,0.0563,0.0561,0.1528,0.0605,0.1531,0.153,0.0,0.0,1017,182,119,103,178,260,145,543,412,0,0
106185.28787326813,32774.99031543732,0.3086584871771896,0.0563,0.0563,0.1422,0.0559,0.0575,0.061,0.0725,0.1334,0.0561,0.0,0.0,404,182,300,102,182,104,174,474,151,0,0
106623.74932956696,18119.651720046997,0.16994011028481423,0.0691,0.0868,0.069,0.0687,0.0689,0.1217,0.0692,0.0891,0.1877,0.0,0.0,493,280,146,125,218,207,165,315,505,0,0
107013.99780845642,22781.89510345459,0.21288705748786005,0.0569,0.0568,0.1308,0.1151,0.084,0.0785,0.057,0.0696,0.1384,0.0,0.0,405,183,278,209,266,133,135,248,372,0,0
106932.42761325836,16147.469716072083,0.15100629506394922,0.0893,0.1887,0.1326,0.0689,0.0694,0.0692,0.0692,0.0926,0.0691,0.0,0.0,632,606,283,125,220,117,163,332,186,0,0
106929.61174488068,11596.11437702179,0.10844624036126234,0.1406,0.1442,0.0526,0.104,0.053,0.0526,0.144,0.0565,0.144,0.0,0.0,996,463,112,189,168,89,340,203,387,0,0
106484.39647197723,13689.422064781189,0.12855800960832547,0.0634,0.0634,0.0632,0.0634,0.0632,0.1721,0.1473,0.0632,0.1723,0.0,0.0,450,203,134,115,200,289,349,229,464,0,0
105931.1965303421,12628.35910320282,0.11921284302293,0.1438,0.0585,0.0585,0.0656,0.0587,0.1592,0.0615,0.1266,0.1484,0.0,0.0,1022,188,124,120,186,265,147,455,401,0,0
106300.79399585724,13425.96079826355,0.1263016040951377,0.0621,0.062,0.062,0.1199,0.1467,0.1281,0.062,0.062,0.1689,0.0,0.0,443,199,132,220,467,212,148,222,456,0,0
106449.38618850708,17252.942487716675,0.16207648635158975,0.0634,0.0797,0.0634,0.0633,0.0633,0.1724,0.0631,0.1723,0.097,0.0,0.0,455,256,135,116,201,284,151,614,263,0,0
106562.4945640564,12130.62865447998,0.11383581722730851,0.0558,0.0558,0.0558,0.1516,0.0557,0.1521,0.1518,0.0557,0.1518,0.0,0.0,397,179,119,277,177,251,363,199,411,0,0
107391.32622528076,13302.59284210205,0.12387027248547486,0.0953,0.0653,0.1454,0.1209,0.0613,0.1666,0.0609,0.0733,0.0871,0.0,0.0,679,210,310,221,194,275,146,258,235,0,0
107613.5936717987,22332.032081604004,0.2075205493992935,0.088,0.1192,0.0714,0.0942,0.0713,0.0712,0.0894,0.0715,0.1162,0.0,0.0,629,385,152,173,225,117,214,250,315,0,0
107772.17929553986,33152.32316303253,0.3076148536638577,0.0561,0.0562,0.1476,0.0558,0.0562,0.0559,0.0561,0.1526,0.056,0.0,0.0,400,182,312,103,178,91,134,538,151,0,0
107654.48854541779,15071.428430557251,0.1399981425223979,0.1879,0.1877,0.0703,0.069,0.0691,0.0691,0.0688,0.069,0.0691,0.0,0.0,1335,606,149,127,220,112,165,244,186,0,0
107097.76211643219,33373.73430252075,0.31161934332706437,0.0569,0.0567,0.0735,0.0893,0.0673,0.1548,0.0718,0.0611,0.057,0.0,0.0,405,183,155,164,214,255,173,214,154,0,0
107487.82649707794,31999.904194831848,0.2977072403236451,0.0544,0.0542,0.1137,0.0542,0.0779,0.1481,0.0542,0.0913,0.0542,0.0,0.0,388,175,238,99,249,243,131,320,146,0,0
107492.86692523956,14363.26529788971,0.13362063650120382,0.1391,0.0659,0.0656,0.0657,0.1425,0.0659,0.179,0.0658,0.0769,0.0,0.0,996,213,137,120,457,108,433,230,207,0,0
107669.72770404816,29837.67816734314,0.2771222590007656,0.0505,0.1312,0.1372,0.1085,0.0933,0.0506,0.0505,0.0505,0.0507,0.0,0.0,361,422,288,198,299,83,122,176,137,0,0
107639.72301769257,15245.5309715271,0.14163480306448964,0.0877,0.0871,0.1011,0.0685,0.0689,0.0689,0.1203,0.0688,0.187,0.0,0.0,627,280,213,125,221,113,292,238,504,0,0
108084.5262594223,13994.85484790802,0.12948065122955577,0.0558,0.0557,0.1374,0.1478,0.0557,0.1349,0.1102,0.1175,0.0556,0.0,0.0,398,178,287,268,179,222,267,412,150,0,0
107958.0592508316,13440.770005226135,0.12449992245597542,0.1673,0.0812,0.1435,0.0896,0.0615,0.0613,0.0615,0.1483,0.0613,0.0,0.0,1193,259,297,162,197,101,149,530,165,0,0
108260.02008724213,28252.414717674255,0.2609681274297459,0.0476,0.0474,0.1291,0.0472,0.114,0.1295,0.0473,0.1295,0.0473,0.0,0.0,338,151,267,85,364,213,114,469,127,0,0
108004.15413379669,29079.05356693268,0.2692401398830386,0.0648,0.0649,0.0645,0.0648,0.0648,0.0804,0.0855,0.1763,0.0648,0.0,0.0,461,206,134,117,206,133,207,634,175,0,0
107766.89201164246,12536.65299320221,0.11633121044121629,0.1331,0.057,0.0568,0.1555,0.0569,0.0569,0.1553,0.0569,0.1552,0.0,0.0,953,182,119,283,181,94,378,203,419,0,0
108199.49178695679,14732.14513015747,0.13615724886365316,0.0854,0.0667,0.1256,0.0664,0.1759,0.0849,0.0668,0.0669,0.1251,0.0,0.0,612,213,263,120,559,140,163,240,338,0,0
107871.39477539062,32350.308151245117,0.2998970043782673,0.0598,0.0599,0.0599,0.0594,0.0599,0.1627,0.0597,0.119,0.0599,0.0,0.0,430,191,125,108,190,270,146,423,162,0,0
107775.5034198761,12354.856119155884,0.11463510470485434,0.1312,0.0829,0.0927,0.152,0.0562,0.0563,0.1531,0.0562,0.1049,0.0,0.0,941,263,193,275,178,94,372,201,283,0,0
108097.94407939911,14252.171898841858,0.1318449857693268,0.0652,0.1197,0.0966,0.0652,0.0875,0.0674,0.1122,0.0771,0.1772,0.0,0.0,466,378,201,118,277,112,272,280,480,0,0
107907.20903873444,13006.812333106995,0.12053700998269784,0.1617,0.0871,0.0592,0.1616,0.0593,0.0594,0.1617,0.0594,0.0701,0.0,0.0,1146,275,124,293,189,99,391,214,190,0,0
108232.07302951813,13366.576378822327,0.12349921797374112,0.0608,0.0608,0.0607,0.1069,0.0607,0.1653,0.1404,0.1182,0.1026,0.0,0.0,433,191,128,194,194,272,339,426,277,0,0
107149.48986721039,13744.860196113586,0.12827742076184867,0.0816,0.0632,0.063,0.0634,0.0631,0.1721,0.1297,0.0633,0.1722,0.0,0.0,583,199,133,115,201,285,315,228,462,0,0
107927.81499385834,12457.628869056702,0.11542556355621214,0.094,0.0568,0.0569,0.1542,0.1547,0.0565,0.1191,0.0568,0.1355,0.0,0.0,669,178,119,279,491,94,289,204,364,0,0
107669.88505458832,29835.21991634369,0.27709902263959246,0.0545,0.0505,0.0506,0.1373,0.1376,0.0501,0.1375,0.0541,0.0506,0.0,0.0,388,158,106,249,438,83,333,194,136,0,0
107904.49260616302,13531.51005935669,0.12540265685456575,0.1686,0.062,0.1686,0.1265,0.062,0.0916,0.0716,0.0619,0.0617,0.0,0.0,1199,193,351,229,198,151,173,223,166,0,0
108150.82220077515,34322.32294845581,0.31735609817869526,0.0622,0.062,0.0618,0.0617,0.0724,0.0621,0.069,0.1692,0.0622,0.0,0.0,442,193,128,112,232,102,168,610,167,0,0
108200.10058403015,14011.042324066162,0.1294919528580746,0.064,0.0639,0.0641,0.064,0.0641,0.1737,0.1304,0.0723,0.1741,0.0,0.0,454,199,133,116,205,285,319,260,468,0,0
107818.81623268127,12601.603918075562,0.11687759482426828,0.0574,0.0573,0.0597,0.1462,0.0572,0.156,0.1559,0.0925,0.101,0.0,0.0,408,178,124,267,183,257,381,334,270,0,0
107879.67018318176,15306.656408309937,0.14188638491681463,0.0721,0.0699,0.0699,0.1272,0.1003,0.0823,0.0765,0.0698,0.19,0.0,0.0,513,217,145,232,323,136,188,249,507,0,0
107399.77833271027,19917.167519569397,0.18544886990240012,0.1399,0.0542,0.0882,0.1472,0.1472,0.054,0.0755,0.0542,0.0542,0.0,0.0,996,168,182,268,474,89,187,194,145,0,0
107274.56964588165,28055.69996356964,0.26153169438183543,0.0587,0.0586,0.0584,0.0586,0.1052,0.0585,0.0587,0.122,0.1597,0.0,0.0,416,181,120,106,342,97,145,444,429,0,0
105784.81955432892,13658.664143562317,0.1291174310369505,0.1734,0.0637,0.0634,0.0633,0.0635,0.0785,0.1282,0.1733,0.0637,0.0,0.0,1236,198,131,115,207,131,319,632,172,0,0
105622.08458805084,15051.134840965271,0.14249988437236377,0.0701,0.0699,0.0698,0.072,0.1186,0.0768,0.1906,0.07,0.1198,0.0,0.0,503,218,144,131,383,129,474,254,323,0,0
106198.80524635315,13146.026119232178,0.12378694928569933,0.1081,0.061,0.1627,0.0645,0.1658,0.0608,0.1015,0.0666,0.0851,0.0,0.0,774,190,336,117,537,101,253,244,228,0,0
105343.98077392578,30059.154014587402,0.28534287193015867,0.1419,0.0734,0.0527,0.0519,0.1417,0.0522,0.0623,0.0864,0.0521,0.0,0.0,1018,229,109,94,457,88,155,318,140,0,0
105400.81534004211,34402.75226211548,0.3263992992001625,0.0596,0.0594,0.071,0.0595,0.1622,0.0595,0.0596,0.0799,0.063,0.0,0.0,426,186,147,108,519,100,149,298,168,0,0
105082.36617279053,13519.005075454712,0.12865150993293156,0.0638,0.0638,0.1196,0.0637,0.0637,0.1737,0.0638,0.0854,0.1738,0.0,0.0,457,200,250,116,205,293,159,314,466,0,0
106283.83556175232,29060.20785522461,0.27342076715268937,0.1315,0.0619,0.0617,0.0618,0.0618,0.0614,0.1417,0.0617,0.0831,0.0,0.0,943,195,129,112,199,103,352,225,223,0,0
106430.1179971695,11830.871733665466,0.11116093786516433,0.1488,0.0545,0.0544,0.1489,0.0546,0.0548,0.1486,0.0756,0.1486,0.0,0.0,1068,171,114,269,175,92,368,277,400,0,0
106379.94451999664,14501.602540969849,0.13631895190774354,0.0672,0.0759,0.0668,0.0812,0.0671,0.1826,0.0733,0.0671,0.1824,0.0,0.0,481,238,140,147,215,309,182,246,489,0,0
106906.86453819275,32610.99666786194,0.30504118522914475,0.086,0.0602,0.0601,0.0601,0.0604,0.0602,0.083,0.1644,0.0605,0.0,0.0,616,188,125,109,194,102,205,603,162,0,0
107281.97075462341,21971.04347038269,0.20479716503936268,0.1706,0.0627,0.0625,0.0626,0.1244,0.1251,0.0624,0.0625,0.0625,0.0,0.0,1218,196,129,113,399,214,154,228,168,0,0
107336.44342422485,32251.625638008118,0.3004722777196959,0.1495,0.055,0.0577,0.0547,0.1494,0.0547,0.055,0.0687,0.0548,0.0,0.0,1073,172,119,99,479,93,136,250,147,0,0
107909.22324562073,34683.549344062805,0.3214141321832781,0.0587,0.0587,0.0583,0.0582,0.1439,0.0587,0.0584,0.1252,0.0584,0.0,0.0,419,183,120,105,461,100,143,459,156,0,0
108344.19320869446,34616.16858577728,0.31950183540615806,0.0605,0.0605,0.0653,0.0601,0.0605,0.1644,0.0603,0.0883,0.0606,0.0,0.0,433,188,134,108,194,279,148,321,162,0,0
108523.48768520355,12908.081931114197,0.11894274876750138,0.073,0.0575,0.0574,0.0575,0.0575,0.135,0.1295,0.1569,0.1567,0.0,0.0,522,179,118,103,185,229,315,570,419,0,0
108676.66776180267,31498.159626960754,0.2898336899323999,0.144,0.0528,0.0671,0.0735,0.1058,0.0524,0.0529,0.1086,0.053,0.0,0.0,1019,164,138,132,340,89,129,394,142,0,0
108501.20932102203,26607.28405857086,0.24522569126255553,0.0648,0.0623,0.0624,0.0621,0.0625,0.1694,0.0622,0.0834,0.1258,0.0,0.0,459,193,128,111,201,289,152,303,338,0,0
108980.36933994293,12473.679745674133,0.11445804250089235,0.0579,0.056,0.0558,0.1457,0.1528,0.0559,0.1526,0.056,0.1528,0.0,0.0,409,174,114,261,491,95,373,203,411,0,0
108929.98723602295,12831.700779914856,0.11779768919013915,0.157,0.0576,0.0575,0.0575,0.1568,0.0574,0.1085,0.1077,0.1221,0.0,0.0,1105,179,117,103,504,97,266,395,328,0,0
109009.40592861176,33035.35359096527,0.3030504873368406,0.0558,0.055,0.0633,0.1034,0.1176,0.0549,0.0901,0.1019,0.0551,0.0,0.0,394,171,129,185,378,93,221,370,148,0,0
109043.13209629059,14672.973499298096,0.13456118892789248,0.0662,0.0661,0.0662,0.0658,0.0663,0.1801,0.0663,0.1317,0.1567,0.0,0.0,469,206,135,118,213,305,163,475,421,0,0
109363.43286323547,14540.64313697815,0.1329570840663164,0.1307,0.0871,0.0746,0.0651,0.0652,0.1243,0.077,0.0654,0.1777,0.0,0.0,924,271,152,117,210,210,190,235,478,0,0
109159.74161148071,14462.318878173828,0.13248766133624465,0.066,0.0648,0.083,0.1072,0.065,0.0896,0.0648,0.1768,0.1504,0.0,0.0,464,201,169,192,209,153,159,640,405,0,0
109261.73243713379,11782.183040618896,0.10783448859735079,0.1433,0.1101,0.0523,0.1429,0.0526,0.0522,0.143,0.0527,0.143,0.0,0.0,1010,344,106,257,169,89,352,190,385,0,0
109243.52544212341,13561.526503562927,0.12414032272098126,0.1671,0.0615,0.0648,0.0614,0.0615,0.1667,0.0614,0.0643,0.1672,0.0,0.0,1177,192,132,110,197,288,151,232,450,0,0
109721.83470344543,31313.535269737244,0.2853901901510397,0.0522,0.0792,0.0521,0.0753,0.0678,0.0522,0.1418,0.142,0.052,0.0,0.0,369,247,106,135,217,90,349,508,140,0,0
109429.19522380829,15703.60150051117,0.14350467869560435,0.1152,0.0937,0.0705,0.1158,0.0746,0.0704,0.1196,0.0705,0.1262,0.0,0.0,811,291,143,208,240,123,294,253,340,0,0
108783.5150604248,32997.3563041687,0.30333048427273207,0.0571,0.0569,0.1483,0.0643,0.0824,0.1164,0.0571,0.0571,0.057,0.0,0.0,404,177,300,116,264,203,140,206,154,0,0
108980.87419891357,13784.440654754639,0.12648495211733266,0.0678,0.092,0.1034,0.0622,0.0623,0.1696,0.0844,0.0622,0.1696,0.0,0.0,478,285,208,112,199,297,207,226,459,0,0
109043.20277786255,11968.756006240845,0.10976159633373027,0.1466,0.0537,0.0535,0.1461,0.0657,0.1165,0.1463,0.0538,0.1081,0.0,0.0,1031,166,108,263,210,204,359,194,293,0,0
108463.0359210968,24717.7220287323,0.22789074470231138,0.0643,0.0641,0.0722,0.1743,0.064,0.0639,0.0988,0.1063,0.0642,0.0,0.0,450,198,146,313,205,113,242,388,174,0,0
108444.39514923096,12517.168823242188,0.1154247649776389,0.0625,0.0876,0.0567,0.1187,0.0568,0.1549,0.1355,0.0569,0.1549,0.0,0.0,438,272,115,214,181,272,332,207,419,0,0
109182.30460739136,13867.038228988647,0.1270081106902179,0.0627,0.0625,0.0625,0.0626,0.0625,0.1701,0.0624,0.1573,0.1704,0.0,0.0,440,194,126,113,199,297,153,569,462,0,0
109216.94158363342,35234.36837768555,0.32260900064395825,0.0592,0.059,0.0591,0.0686,0.1122,0.0586,0.0769,0.1247,0.059,0.0,0.0,414,183,119,124,358,103,188,452,159,0,0
109375.39772033691,14055.582025527954,0.1285077112264937,0.1725,0.0635,0.0634,0.1304,0.0633,0.0633,0.0632,0.1141,0.1376,0.0,0.0,1197,196,127,235,202,112,154,417,369,0,0
109438.06100559235,17280.797273635864,0.15790481953762692,0.0809,0.1364,0.078,0.0777,0.0779,0.0779,0.0779,0.1329,0.1025,0.0,0.0,563,422,156,140,248,138,190,482,275,0,0
108763.14500522614,35373.64233970642,0.3252355596926394,0.0593,0.0917,0.1611,0.0589,0.0593,0.0594,0.0591,0.0592,0.0667,0.0,0.0,413,284,322,107,188,106,145,215,178,0,0
108354.52949619293,14768.386261940002,0.13629689806791967,0.0865,0.0812,0.0664,0.0663,0.0662,0.0661,0.1535,0.1806,0.0969,0.0,0.0,604,251,133,121,211,118,378,655,259,0,0
108896.30985736847,14625.994366645813,0.13431120288467832,0.1795,0.0658,0.0657,0.1792,0.0658,0.0659,0.0776,0.0659,0.1005,0.0,0.0,1253,203,130,325,208,118,191,241,267,0,0
107466.9585313797,14695.553921699524,0.1367448574196739,0.0674,0.122,0.067,0.0672,0.1354,0.0746,0.0672,0.1539,0.1085,0.0,0.0,472,380,133,122,428,134,166,559,289,0,0
108140.04243564606,14611.824855804443,0.13511946663512653,0.1754,0.0645,0.0949,0.0641,0.0644,0.0645,0.1751,0.0975,0.0644,0.0,0.0,1225,200,189,116,204,115,431,356,171,0,0
108008.10989665985,29512.193696022034,0.2732405346622467,0.1106,0.0536,0.0497,0.0787,0.0629,0.0498,0.1357,0.1359,0.05,0.0,0.0,774,166,99,143,199,89,334,492,133,0,0
107798.8440027237,13170.993189811707,0.12218120993467167,0.0702,0.0597,0.068,0.1629,0.0732,0.0598,0.1613,0.0598,0.1629,0.0,0.0,491,184,136,297,231,108,397,216,438,0,0
106410.89689922333,14083.110186576843,0.1323465039479395,0.0652,0.0651,0.0651,0.0652,0.0733,0.1776,0.065,0.1138,0.1773,0.0,0.0,456,201,130,119,230,323,161,403,482,0,0
106287.10795116425,10987.80027294159,0.10337848573309714,0.1378,0.1377,0.0506,0.075,0.0505,0.1259,0.1349,0.0737,0.1106,0.0,0.0,960,425,101,136,158,230,334,261,301,0,0
107151.84216403961,14116.837519645691,0.13174610192920538,0.0649,0.0648,0.0649,0.1053,0.0793,0.0927,0.1555,0.0648,0.1762,0.0,0.0,449,200,128,190,247,171,383,230,482,0,0
107000.28862953186,16592.78174304962,0.1550723082673073,0.1478,0.0766,0.0763,0.0767,0.0775,0.1082,0.0766,0.0765,0.1288,0.0,0.0,1025,236,151,139,241,199,189,271,352,0,0
105701.48341083527,21625.890290260315,0.20459400939725586,0.1487,0.0546,0.0543,0.1486,0.0547,0.0543,0.1486,0.077,0.0546,0.0,0.0,1036,169,108,270,169,100,371,270,150,0,0
107181.33417224884,14483.671820640564,0.13513240838525264,0.0666,0.0666,0.0707,0.0667,0.0667,0.1812,0.0663,0.0989,0.1811,0.0,0.0,462,205,139,121,206,335,165,344,498,0,0
104995.43406009674,13967.918009757996,0.1330335755530389,0.066,0.0652,0.0651,0.0973,0.1227,0.1005,0.107,0.0653,0.1778,0.0,0.0,458,200,128,177,375,189,267,226,491,0,0
104129.17242145538,13536.048150062561,0.12999285248591408,0.1744,0.0641,0.0637,0.0638,0.064,0.1375,0.0641,0.0641,0.1743,0.0,0.0,1210,200,125,116,193,260,161,219,485,0,0
102492.47718524933,13157.389483451843,0.12837419725616164,0.0931,0.0634,0.0632,0.0629,0.0741,0.1723,0.1072,0.0632,0.1722,0.0,0.0,641,197,125,115,223,331,269,213,484,0,0
102580.43952941895,18464.524087905884,0.1800004384131193,0.0684,0.0683,0.0963,0.0683,0.1861,0.0683,0.1094,0.0683,0.0867,0.0,0.0,470,212,192,124,561,133,271,228,243,0,0
102024.6027584076,13566.165008544922,0.13296954500934793,0.178,0.0653,0.065,0.0653,0.0652,0.1197,0.0652,0.0653,0.178,0.0,0.0,1239,203,130,119,198,230,161,220,493,0,0
102362.35165596008,34621.64534187317,0.33822635746232693,0.0817,0.0618,0.0615,0.0619,0.0616,0.0618,0.0618,0.1479,0.0618,0.0,0.0,571,194,124,113,189,117,152,499,170,0,0
103142.82978343964,13785.981142044067,0.13365913239911428,0.066,0.0659,0.066,0.066,0.0858,0.1622,0.109,0.066,0.1794,0.0,0.0,459,206,132,120,262,307,265,223,491,0,0
104090.42630672455,22244.437089920044,0.21370300688722405,0.1547,0.0569,0.0617,0.0641,0.0569,0.0623,0.1545,0.0829,0.0923,0.0,0.0,1079,178,123,116,173,118,378,279,251,0,0
105624.21103477478,12366.595375061035,0.11708106743622981,0.1556,0.0571,0.0568,0.1553,0.1554,0.0568,0.1318,0.057,0.057,0.0,0.0,1081,178,112,280,477,106,320,194,154,0,0
105002.34055328369,37597.89009857178,0.3580671621266636,0.0654,0.0652,0.065,0.0763,0.0795,0.0651,0.0654,0.0946,0.0654,0.0,0.0,456,203,128,138,242,123,160,318,177,0,0
105656.76655578613,12848.756094932556,0.12160845456261896,0.06,0.0601,0.06,0.1087,0.06,0.1629,0.1163,0.151,0.0994,0.0,0.0,417,186,117,195,184,304,280,510,271,0,0
106187.37047100067,18645.105078697205,0.17558684235230315,0.1464,0.0538,0.0834,0.0537,0.1057,0.0537,0.0917,0.1464,0.0897,0.0,0.0,1012,166,161,97,323,101,220,492,244,0,0
105903.36827754974,33673.48616695404,0.3179642603878579,0.0581,0.0579,0.067,0.0579,0.077,0.0902,0.0581,0.1578,0.0581,0.0,0.0,400,178,129,104,234,173,139,530,161,0,0
106708.96648693085,20843.539234161377,0.19533071981082475,0.1313,0.0592,0.1008,0.1139,0.1619,0.0593,0.0595,0.0595,0.0593,0.0,0.0,901,181,194,204,494,112,141,200,164,0,0
106560.83886051178,12958.825772285461,0.12160964488322558,0.1638,0.0602,0.0599,0.0602,0.0603,0.1638,0.0863,0.1638,0.0601,0.0,0.0,1120,184,115,108,184,308,205,553,168,0,0
107286.1345911026,29560.296452522278,0.275527649170928,0.0502,0.0502,0.0732,0.0886,0.1365,0.05,0.089,0.1365,0.0501,0.0,0.0,344,154,139,159,417,95,212,454,140,0,0
107958.21935367584,32082.45675945282,0.2971747491902334,0.0543,0.0543,0.0541,0.0543,0.147,0.119,0.0544,0.1067,0.0587,0.0,0.0,370,165,103,97,449,223,129,357,162,0,0
107894.29018688202,23699.402026176453,0.219653903697101,0.0723,0.0592,0.07,0.0739,0.0655,0.0589,0.1609,0.1607,0.0591,0.0,0.0,490,179,133,132,199,112,382,534,164,0,0
107541.47021389008,11719.614481925964,0.10897762936118253,0.1271,0.0723,0.0539,0.0538,0.0537,0.1461,0.1461,0.0916,0.1462,0.0,0.0,859,218,102,97,162,283,346,305,409,0,0
108459.5153722763,20272.166449546814,0.1869099855366738,0.0505,0.0505,0.137,0.0503,0.1371,0.063,0.0501,0.1374,0.1371,0.0,0.0,342,153,262,91,414,121,119,451,383,0,0
108644.76919841766,14232.547846794128,0.1310007647105519,0.0644,0.0642,0.0641,0.0645,0.1113,0.0864,0.1177,0.1393,0.1571,0.0,0.0,436,195,122,116,336,164,277,466,436,0,0
108981.02232646942,18449.50921535492,0.1692910272036775,0.1367,0.066,0.0659,0.0658,0.066,0.0881,0.0662,0.1042,0.1717,0.0,0.0,928,201,127,119,199,166,156,346,476,0,0
109236.90218639374,14346.158953666687,0.1313307011323652,0.065,0.0651,0.1171,0.0651,0.0651,0.1769,0.0651,0.0725,0.1769,0.0,0.0,440,198,224,118,196,337,153,240,490,0,0
109396.2200307846,17790.065432548523,0.16262047653513362,0.1606,0.0591,0.0587,0.0758,0.1209,0.0589,0.1345,0.1099,0.059,0.0,0.0,1092,180,112,137,365,112,317,366,163,0,0
109179.38866329193,18485.254717826843,0.16931084652649203,0.0651,0.069,0.065,0.1131,0.0723,0.1013,0.1303,0.147,0.0677,0.0,0.0,443,209,124,203,218,194,306,497,186,0,0
109000.61768054962,15413.070387840271,0.14140351418018268,0.0838,0.0695,0.0781,0.069,0.0694,0.161,0.0693,0.0693,0.1892,0.0,0.0,569,209,149,123,208,312,163,236,519,0,0
109159.48874855042,13395.362253189087,0.12271367708624387,0.1471,0.0622,0.0603,0.0602,0.0603,0.1645,0.0604,0.0982,0.1643,0.0,0.0,1004,186,116,107,182,316,142,336,450,0,0
109249.16327857971,32397.98377609253,0.29655132180261506,0.0542,0.054,0.0537,0.0854,0.054,0.0538,0.1472,0.1473,0.054,0.0,0.0,370,162,103,152,162,104,347,498,148,0,0
109664.4200592041,23159.77986717224,0.21118772938997954,0.0604,0.06,0.1309,0.06,0.06,0.1516,0.06,0.1459,0.0599,0.0,0.0,413,180,248,107,180,294,141,494,163,0,0
109627.57827568054,12129.149522781372,0.11063958279074808,0.0874,0.0546,0.1134,0.1002,0.0545,0.0545,0.1278,0.1485,0.1484,0.0,0.0,598,165,216,178,163,105,301,503,404,0,0
109787.76251792908,15411.705419540405,0.1403772612364112,0.0692,0.0691,0.0689,0.0689,0.0692,0.1883,0.0689,0.1883,0.0689,0.0,0.0,474,208,132,122,208,359,162,640,187,0,0
110439.09645271301,12268.574476242065,0.11108905152529143,0.0544,0.0897,0.0542,0.1474,0.0541,0.094,0.1476,0.0998,0.1476,0.0,0.0,373,271,104,262,163,178,346,340,398,0,0
110506.35600090027,12528.856897354126,0.11337679886261073,0.1509,0.1356,0.065,0.1504,0.0554,0.0702,0.0663,0.0553,0.1376,0.0,0.0,1029,408,124,265,167,134,155,190,373,0,0
110407.14638328552,30967.995431900024,0.280489048456996,0.0512,0.1391,0.1003,0.0929,0.1053,0.051,0.0773,0.0513,0.0512,0.0,0.0,349,418,191,163,317,99,180,176,139,0,0
110614.40181159973,14006.026384353638,0.12662027868856474,0.0624,0.0624,0.0649,0.157,0.0623,0.1697,0.0624,0.0625,0.1698,0.0,0.0,426,186,123,276,187,334,146,214,462,0,0
109378.61399650574,13080.347686767578,0.11958779882862156,0.1588,0.126,0.0579,0.0891,0.0583,0.0582,0.1368,0.0764,0.1188,0.0,0.0,1071,370,108,153,171,121,319,256,327,0,0
108649.70644187927,34930.33276939392,0.32149495763322145,0.0587,0.0587,0.1115,0.0585,0.0587,0.1045,0.0588,0.1105,0.0586,0.0,0.0,396,173,207,101,172,215,138,367,162,0,0
109189.03378486633,14288.809272766113,0.1308630434528724,0.0767,0.1066,0.1095,0.0643,0.0644,0.1021,0.0641,0.1752,0.1062,0.0,0.0,515,316,202,111,189,209,150,581,293,0,0
109595.99829864502,12958.454555511475,0.11823839151681585,0.1012,0.1036,0.0579,0.0583,0.0583,0.1582,0.0583,0.1585,0.1275,0.0,0.0,679,307,107,101,173,321,135,529,348,0,0
109437.33100509644,14634.961013793945,0.13372914780891726,0.0658,0.0655,0.0655,0.1133,0.0658,0.1321,0.1002,0.1789,0.0791,0.0,0.0,440,194,121,196,195,270,233,597,215,0,0
109284.30828857422,40285.15126991272,0.3686270417115736,0.0675,0.0673,0.0885,0.0673,0.0673,0.0673,0.0674,0.0715,0.0674,0.0,0.0,447,199,162,116,199,139,156,240,183,0,0
108771.80255508423,12252.541770935059,0.11264446743658703,0.1515,0.1512,0.0556,0.1515,0.0556,0.0555,0.1515,0.0591,0.0557,0.0,0.0,994,450,101,262,164,119,353,196,153,0,0
108769.45487594604,14441.300792694092,0.13276981859626596,0.1784,0.1781,0.0652,0.0652,0.0656,0.0656,0.0734,0.0655,0.1102,0.0,0.0,1173,530,119,113,194,139,171,216,302,0,0
107248.48731994629,11634.59524154663,0.1084826045782634,0.1083,0.0534,0.0531,0.0722,0.0533,0.1452,0.1153,0.1454,0.1454,0.0,0.0,711,159,97,125,157,313,270,479,401,0,0
107648.09938430786,31135.922370910645,0.28923801301641383,0.0529,0.0527,0.1439,0.1068,0.0529,0.0526,0.0526,0.1436,0.0528,0.0,0.0,348,157,263,184,155,114,123,470,146,0,0
106557.19717407227,12812.277912139893,0.12023850337588839,0.1557,0.0592,0.0588,0.0588,0.0592,0.1607,0.0687,0.0978,0.1608,0.0,0.0,1034,177,108,101,174,351,162,320,453,0,0
105873.2283782959,13004.143077850342,0.12282749168075999,0.1514,0.094,0.0602,0.0606,0.0606,0.1648,0.0604,0.1647,0.0604,0.0,0.0,1008,281,111,104,178,361,142,540,170,0,0
105484.87096786499,11677.581802368164,0.11070385445061248,0.1338,0.0543,0.0538,0.1428,0.0541,0.0851,0.1474,0.0704,0.1476,0.0,0.0,896,164,100,248,159,184,345,230,417,0,0
107465.97166061401,15054.826667785645,0.1400892434614556,0.0693,0.0692,0.0689,0.0691,0.0691,0.1881,0.069,0.0691,0.1881,0.0,0.0,462,209,128,120,204,398,163,226,527,0,0
109498.80267715454,11736.644954681396,0.1071851442000296,0.143,0.0525,0.0521,0.1431,0.0525,0.1395,0.1146,0.0526,0.143,0.0,0.0,950,157,96,249,155,295,269,172,399,0,0
110326.82551574707,13415.093362808228,0.12159412092296154,0.0599,0.1206,0.0599,0.0669,0.0598,0.1632,0.1632,0.0599,0.1249,0.0,0.0,401,363,111,117,178,337,384,197,347,0,0
110619.06772232056,30212.671730041504,0.27312354327449495,0.1387,0.051,0.056,0.1382,0.0507,0.0516,0.0509,0.1386,0.051,0.0,0.0,924,152,105,240,150,108,119,456,142,0,0
110875.68249893188,37423.88680267334,0.3375301595373166,0.0618,0.0617,0.0619,0.0618,0.0619,0.0618,0.0617,0.1682,0.0618,0.0,0.0,410,184,119,107,182,128,144,553,171,0,0
111168.08237838745,12367.340223312378,0.11124902003092169,0.07,0.0541,0.0543,0.0938,0.1189,0.1477,0.1476,0.0544,0.1479,0.0,0.0,467,162,104,163,351,309,345,176,412,0,0
111440.87684249878,21202.79288291931,0.19026046351811793,0.0621,0.0619,0.1685,0.0629,0.0998,0.1687,0.0619,0.0621,0.0618,0.0,0.0,415,185,321,109,295,354,145,199,172,0,0
111675.10569763184,12613.281620025635,0.11294622504479179,0.1513,0.0555,0.0604,0.1509,0.0555,0.1513,0.151,0.0554,0.0556,0.0,0.0,1010,167,115,260,165,317,354,176,155,0,0
111090.87798309326,20207.5434589386,0.18190101496914943,0.0636,0.0634,0.0915,0.0633,0.1728,0.1728,0.0635,0.0635,0.0636,0.0,0.0,423,191,174,109,513,363,149,205,177,0,0
